{"_type":"export","__export_format":4,"__export_date":"2022-02-05T23:13:14.323Z","__export_source":"insomnia.desktop.app:v2021.7.2","resources":[{"_id":"req_cbfc904e51034787a4ea2ad9699fcc28","parentId":"fld_9d855ee24a274333b56a0ad4a2f1c9cf","modified":1644102676973,"created":1643587413653,"url":"http://localhost:3000/produtos","name":"Produto","description":"","method":"POST","body":{"mimeType":"application/json","text":"{\n\t\"nome\": \"Produto Teste 20\",\n\t\"preco\": 20,\n\t\"quantidade\": 2,\n\t\"fabricante_id\": 2,\n\t\"categoria_id\": 2\n}"},"parameters":[],"headers":[{"name":"Content-Type","value":"application/json","id":"pair_fd45954a9ff54d339ca06da870d83244"},{"id":"pair_b6c401f5bea24e6282ff8d69d37edd9d","name":"Authorization","value":"Bearer eyJhbGciOiJIUzI1NiIsInR5cCI6IkpXVCJ9.eyJpZCI6MywiZW1haWwiOiJ0ZXN0ZUBlbWFpbC5jb20iLCJub21lIjoiVGVzdGUiLCJpYXQiOjE2NDQxMDA3ODB9.2DfLrFoLiqxm15c6AjkjTBQ84K5Q5VutpNF0eW5jqrw","description":""},{"id":"pair_ad312d5f59a74d6295ebba73b9a90e46","name":"","value":"","description":""}],"authentication":{},"metaSortKey":-1643773444433,"isPrivate":false,"settingStoreCookies":true,"settingSendCookies":true,"settingDisableRenderRequestBody":false,"settingEncodeUrl":true,"settingRebuildPath":true,"settingFollowRedirects":"global","_type":"request"},{"_id":"fld_9d855ee24a274333b56a0ad4a2f1c9cf","parentId":"wrk_997d8bbf8f3147fb801f6672a1ea9662","modified":1644102548743,"created":1644102548743,"name":"Produtos","description":"","environment":{},"environmentPropertyOrder":null,"metaSortKey":-1644102548743,"_type":"request_group"},{"_id":"wrk_997d8bbf8f3147fb801f6672a1ea9662","parentId":null,"modified":1643586220045,"created":1643586220045,"name":"Express","description":"","scope":"collection","_type":"workspace"},{"_id":"req_43d764538b4a4c729c8591726b5d8d3f","parentId":"fld_9d855ee24a274333b56a0ad4a2f1c9cf","modified":1644102589540,"created":1643773003271,"url":"http://localhost:3000/produtos?pass=banana","name":"Listar Produtos","description":"","method":"GET","body":{},"parameters":[],"headers":[],"authentication":{},"metaSortKey":-1643773444383,"isPrivate":false,"settingStoreCookies":true,"settingSendCookies":true,"settingDisableRenderRequestBody":false,"settingEncodeUrl":true,"settingRebuildPath":true,"settingFollowRedirects":"global","_type":"request"},{"_id":"req_f4e4995e977642a49084ebc4e5a95d2d","parentId":"fld_9d855ee24a274333b56a0ad4a2f1c9cf","modified":1644102587494,"created":1643773444333,"url":"http://localhost:3000/produtos/2","name":"Deletar Produto","description":"","method":"DELETE","body":{},"parameters":[],"headers":[],"authentication":{},"metaSortKey":-1643773444333,"isPrivate":false,"settingStoreCookies":true,"settingSendCookies":true,"settingDisableRenderRequestBody":false,"settingEncodeUrl":true,"settingRebuildPath":true,"settingFollowRedirects":"global","_type":"request"},{"_id":"req_f27d588996c34a128d9b2270973bf86c","parentId":"fld_9d855ee24a274333b56a0ad4a2f1c9cf","modified":1644102698510,"created":1643773857339,"url":"http://localhost:3000/produto/1/atualizar","name":"Atualizar Produto","description":"","method":"PUT","body":{"mimeType":"application/json","text":"{\n\t\"preco\": 5,\n\t\"quantidade\": 1\n}"},"parameters":[],"headers":[{"name":"Content-Type","value":"application/json","id":"pair_fd45954a9ff54d339ca06da870d83244"}],"authentication":{},"metaSortKey":-1643773444483,"isPrivate":false,"settingStoreCookies":true,"settingSendCookies":true,"settingDisableRenderRequestBody":false,"settingEncodeUrl":true,"settingRebuildPath":true,"settingFollowRedirects":"global","_type":"request"},{"_id":"req_420d8c011a0547988e4600b841f0ffb3","parentId":"fld_c27a229a93654419af361035a70e9697","modified":1644102694902,"created":1644097119064,"url":"http://localhost:3000/usuarios","name":"Cadastro de Usuario","description":"","method":"POST","body":{"mimeType":"application/json","text":"{\n\t\"nome\": \"Teste\",\n\t\"email\": \"teste@email.com\",\n\t\"senha\": \"12345678\"\n}"},"parameters":[],"headers":[{"name":"Content-Type","value":"application/json","id":"pair_41875a09bb22431399876af060d30f15"}],"authentication":{},"metaSortKey":-1644097119064,"isPrivate":false,"settingStoreCookies":true,"settingSendCookies":true,"settingDisableRenderRequestBody":false,"settingEncodeUrl":true,"settingRebuildPath":true,"settingFollowRedirects":"global","_type":"request"},{"_id":"fld_c27a229a93654419af361035a70e9697","parentId":"wrk_997d8bbf8f3147fb801f6672a1ea9662","modified":1644102553451,"created":1644102553451,"name":"Usuarios","description":"","environment":{},"environmentPropertyOrder":null,"metaSortKey":-1644102553451,"_type":"request_group"},{"_id":"req_2a8892060b974acb9f794ec171ae8602","parentId":"fld_3f5d57a76e5d481a96b65408d8141d55","modified":1644102683593,"created":1644100228444,"url":"http://localhost:3000/login","name":"Login de Usuario","description":"Endpoint para autenticar um usuario que deverá enviar email e senha","method":"POST","body":{"mimeType":"application/json","text":"{\n\t\"email\": \"teste@email.com\",\n\t\"senha\": \"12345678\"\n}"},"parameters":[],"headers":[{"name":"Content-Type","value":"application/json","id":"pair_916887b2ad184b58bccf9c8e2ef58d5f"}],"authentication":{},"metaSortKey":-1644102556665,"isPrivate":false,"settingStoreCookies":true,"settingSendCookies":true,"settingDisableRenderRequestBody":false,"settingEncodeUrl":true,"settingRebuildPath":true,"settingFollowRedirects":"global","_type":"request"},{"_id":"fld_3f5d57a76e5d481a96b65408d8141d55","parentId":"wrk_997d8bbf8f3147fb801f6672a1ea9662","modified":1644102559879,"created":1644102559879,"name":"Autenticação","description":"","environment":{},"environmentPropertyOrder":null,"metaSortKey":-1644102559879,"_type":"request_group"},{"_id":"env_ba29c66127017ff24860ef861bac9faac5b84a07","parentId":"wrk_997d8bbf8f3147fb801f6672a1ea9662","modified":1643586220055,"created":1643586220055,"name":"Base Environment","data":{},"dataPropertyOrder":null,"color":null,"isPrivate":false,"metaSortKey":1643586220055,"_type":"environment"},{"_id":"jar_ba29c66127017ff24860ef861bac9faac5b84a07","parentId":"wrk_997d8bbf8f3147fb801f6672a1ea9662","modified":1643586220057,"created":1643586220057,"name":"Default Jar","cookies":[],"_type":"cookie_jar"},{"_id":"spc_e9978511fb8f42998cd043d71bd64655","parentId":"wrk_997d8bbf8f3147fb801f6672a1ea9662","modified":1643586220049,"created":1643586220049,"fileName":"Express","contents":"","contentType":"yaml","_type":"api_spec"}]}